candle_date_time_utc,high_price,low_price,mid_price
2017-09-25T00:00:00,326500,320000,323250
2017-09-26T00:00:00,328500,320000,324250
2017-09-27T00:00:00,342500,320000,331250
2017-09-28T00:00:00,346500,327000,336750
2017-09-29T00:00:00,333500,312500,323000
2017-09-30T00:00:00,341500,327000,334250
2017-10-01T00:00:00,344500,331500,338000
2017-10-02T00:00:00,346000,336500,341250
2017-10-03T00:00:00,345500,324000,334750
2017-10-04T00:00:00,343000,333500,338250
2017-10-05T00:00:00,341500,333000,337250
2017-10-06T00:00:00,357000,335500,346250
2017-10-07T00:00:00,360000,349500,354750
2017-10-08T00:00:00,357000,341000,349000
2017-10-09T00:00:00,354000,334000,344000
2017-10-10T00:00:00,353000,334000,343500
2017-10-11T00:00:00,352500,342500,347500
2017-10-12T00:00:00,356500,345000,350750
2017-10-13T00:00:00,400000,347000,373500
2017-10-14T00:00:00,398500,377500,388000
2017-10-15T00:00:00,390500,363000,376750
2017-10-16T00:00:00,398500,371500,385000
2017-10-17T00:00:00,377500,353500,365500
2017-10-18T00:00:00,366500,334500,350500
2017-10-19T00:00:00,365000,345500,355250
2017-10-20T00:00:00,356000,344500,350250
2017-10-24T00:00:00,364000,342500,353250
2017-10-25T00:00:00,352000,333000,342500
2017-10-26T00:00:00,349500,336500,343000
2017-10-27T00:00:00,347500,339000,343250
2017-10-28T00:00:00,348000,339000,343500
2017-10-29T00:00:00,360000,336500,348250
2017-10-30T00:00:00,353500,342500,348000
2017-10-31T00:00:00,398500,343000,370750
2017-11-01T00:00:00,353000,328500,340750
2017-11-02T00:00:00,341500,319500,330500
2017-11-03T00:00:00,352000,327500,339750
2017-11-04T00:00:00,348500,325500,337000
2017-11-05T00:00:00,340500,332000,336250
2017-11-06T00:00:00,353200,292500,322850
2017-11-07T00:00:00,356200,335000,345600
2017-11-08T00:00:00,359500,333000,346250
2017-11-09T00:00:00,372950,339500,356225
2017-11-10T00:00:00,365600,337000,351300
2017-11-11T00:00:00,362650,337000,349825
2017-11-12T00:00:00,377000,339350,358175
2017-11-13T00:00:00,407000,355600,381300
2017-11-14T00:00:00,390100,360700,375400
2017-11-15T00:00:00,385250,376200,380725
2017-11-16T00:00:00,380700,360050,370375
2017-11-17T00:00:00,370000,362300,366150
2017-11-18T00:00:00,386300,363350,374825
2017-11-19T00:00:00,414950,378450,396700
2017-11-20T00:00:00,408000,384400,396200
2017-11-21T00:00:00,408500,380050,394275
2017-11-22T00:00:00,421050,396000,408525
2017-11-23T00:00:00,470000,412050,441025
2017-11-24T00:00:00,536300,448000,492150
2017-11-25T00:00:00,545000,484050,514525
2017-11-26T00:00:00,522500,505000,513750
2017-11-27T00:00:00,557500,519500,538500
2017-11-28T00:00:00,566000,539900,552950
2017-11-29T00:00:00,629000,470000,549500
2017-11-30T00:00:00,544300,438950,491625
2017-12-01T00:00:00,540300,490000,515150
2017-12-02T00:00:00,554400,517000,535700
2017-12-03T00:00:00,550000,527000,538500
2017-12-04T00:00:00,550200,536800,543500
2017-12-05T00:00:00,573300,547000,560150
2017-12-06T00:00:00,576100,305000,440550
2017-12-07T00:00:00,597800,518900,558350
2017-12-08T00:00:00,600000,512000,556000
2017-12-09T00:00:00,596000,517500,556750
2017-12-10T00:00:00,558700,446400,502550
2017-12-11T00:00:00,594400,503800,549100
2017-12-12T00:00:00,765700,559700,662700
2017-12-13T00:00:00,820000,640000,730000
2017-12-14T00:00:00,844800,740900,792850
2017-12-15T00:00:00,802000,718000,760000
2017-12-16T00:00:00,817800,770000,793900
2017-12-17T00:00:00,826100,778600,802350
2017-12-18T00:00:00,941300,785100,863200
2017-12-19T00:00:00,1080000,909100,994550
2017-12-20T00:00:00,1099500,970500,1035000
2017-12-21T00:00:00,1192500,1027000,1109750
2017-12-22T00:00:00,1143000,735100,939050
2017-12-23T00:00:00,1002000,892100,947050
2017-12-24T00:00:00,992000,889800,940900
2017-12-25T00:00:00,1040000,930000,985000
2017-12-26T00:00:00,1067000,1020500,1043750
2017-12-27T00:00:00,1053000,1026500,1039750
2017-12-28T00:00:00,1050000,890000,970000
2017-12-29T00:00:00,997600,931800,964700
2017-12-30T00:00:00,1029500,955800,992650
2017-12-31T00:00:00,1039000,1000000,1019500
2018-01-01T00:00:00,1076000,1011500,1043750
2018-01-02T00:00:00,1270500,1051000,1160750
2018-01-03T00:00:00,1324500,1157500,1241000
2018-01-04T00:00:00,1518000,1269000,1393500
2018-01-05T00:00:00,1645000,1406500,1525750
2018-01-06T00:00:00,1629500,1460000,1544750
2018-01-07T00:00:00,1790000,1542000,1666000
2018-01-08T00:00:00,2056000,1670500,1863250
2018-01-09T00:00:00,2222000,1832000,2027000
2018-01-10T00:00:00,2437000,1615000,2026000
2018-01-11T00:00:00,1956000,1250000,1603000
2018-01-12T00:00:00,1923000,1535000,1729000
2018-01-13T00:00:00,2125000,1821000,1973000
2018-01-14T00:00:00,2056000,1770000,1913000
2018-01-15T00:00:00,2016000,1764500,1890250
2018-01-16T00:00:00,1799500,999000,1399250
2018-01-17T00:00:00,1456500,1000500,1228500
2018-01-18T00:00:00,1499500,1210000,1354750
2018-01-19T00:00:00,1410000,1307500,1358750
2018-01-20T00:00:00,1527000,1369000,1448000
2018-01-21T00:00:00,1545000,1228000,1386500
2018-01-22T00:00:00,1349500,1179000,1264250
2018-01-23T00:00:00,1295000,1125500,1210250
2018-01-24T00:00:00,1309500,1148000,1228750
2018-01-25T00:00:00,1310000,1191500,1250750
2018-01-26T00:00:00,1270000,1100000,1185000
2018-01-27T00:00:00,1267000,1169000,1218000
2018-01-28T00:00:00,1434000,1240000,1337000
2018-01-29T00:00:00,1418000,1302000,1360000
2018-01-30T00:00:00,1360000,1200000,1280000
2018-01-31T00:00:00,1274000,1111000,1192500
2018-02-01T00:00:00,1305500,1113500,1209500
2018-02-02T00:00:00,1140000,759400,949700
2018-02-03T00:00:00,1075000,879000,977000
2018-02-04T00:00:00,1048000,881000,964500
2018-02-05T00:00:00,940300,761600,850950
2018-02-06T00:00:00,888500,626100,757300
2018-02-07T00:00:00,920000,794000,857000
2018-02-08T00:00:00,954000,832000,893000
2018-02-09T00:00:00,1013000,901800,957400
2018-02-10T00:00:00,1069000,943500,1006250
2018-02-11T00:00:00,999800,901100,950450
2018-02-12T00:00:00,993000,932000,962500
2018-02-13T00:00:00,992000,947100,969550
2018-02-14T00:00:00,1034000,971100,1002550
2018-02-15T00:00:00,1077500,1006500,1042000
2018-02-16T00:00:00,1093000,1035000,1064000
2018-02-17T00:00:00,1091000,1050000,1070500
2018-02-18T00:00:00,1119500,1020000,1069750
2018-02-19T00:00:00,1074000,1046500,1060250
2018-02-20T00:00:00,1108500,1056500,1082500
2018-02-21T00:00:00,1091000,998500,1044750
2018-02-22T00:00:00,1037000,945100,991050
2018-02-23T00:00:00,1029500,930500,980000
2018-02-24T00:00:00,1031000,966000,998500
2018-02-25T00:00:00,1002000,951400,976700
2018-02-26T00:00:00,1002000,966000,984000
2018-02-27T00:00:00,999400,975500,987450
2018-02-28T00:00:00,992900,971500,982200
2018-03-01T00:00:00,984900,960000,972450
2018-03-02T00:00:00,979800,959700,969750
2018-03-03T00:00:00,968500,951100,959800
2018-03-04T00:00:00,958000,927300,942650
2018-03-05T00:00:00,954500,940700,947600
2018-03-06T00:00:00,943900,905000,924450
2018-03-07T00:00:00,925000,815600,870300
2018-03-08T00:00:00,865000,783000,824000
2018-03-09T00:00:00,818100,710000,764050
2018-03-10T00:00:00,838900,761200,800050
2018-03-11T00:00:00,802400,750000,776200
2018-03-12T00:00:00,814400,760100,787250
2018-03-13T00:00:00,784500,755000,769750
2018-03-14T00:00:00,777000,659300,718150
2018-03-15T00:00:00,693000,625000,659000
2018-03-16T00:00:00,677000,645000,661000
2018-03-17T00:00:00,670000,603000,636500
2018-03-18T00:00:00,617700,500000,558850
2018-03-19T00:00:00,634000,571000,602500
2018-03-20T00:00:00,631200,570500,600850
2018-03-21T00:00:00,657900,606600,632250
2018-03-22T00:00:00,635900,581500,608700
2018-03-23T00:00:00,605000,567500,586250
2018-03-24T00:00:00,607700,583300,595500
2018-03-25T00:00:00,596700,575100,585900
2018-03-26T00:00:00,591800,524100,557950
2018-03-27T00:00:00,547500,498000,522750
2018-03-28T00:00:00,512500,488600,500550
2018-03-29T00:00:00,493000,426150,459575
2018-03-30T00:00:00,455100,407000,431050
2018-03-31T00:00:00,464400,431750,448075
2018-04-01T00:00:00,441600,394450,418025
2018-04-02T00:00:00,436000,408050,422025
2018-04-03T00:00:00,457000,415500,436250
2018-04-04T00:00:00,454900,409000,431950
2018-04-05T00:00:00,429400,400500,414950
2018-04-06T00:00:00,421000,400000,410500
2018-04-07T00:00:00,427000,404700,415850
2018-04-08T00:00:00,435450,418000,426725
2018-04-09T00:00:00,466100,425000,445550
2018-04-10T00:00:00,452150,428400,440275
2018-04-11T00:00:00,462000,444100,453050
2018-04-12T00:00:00,517400,440000,478700
2018-04-13T00:00:00,554000,493300,523650
2018-04-14T00:00:00,541500,502000,521750
2018-04-15T00:00:00,552600,517900,535250
2018-04-16T00:00:00,564100,533100,548600
2018-04-17T00:00:00,549200,536100,542650
2018-04-18T00:00:00,557800,536800,547300
2018-04-19T00:00:00,619600,553100,586350
2018-04-20T00:00:00,671800,592200,632000
2018-04-21T00:00:00,680000,620000,650000
2018-04-22T00:00:00,697300,642100,669700
2018-04-23T00:00:00,710800,673400,692100
2018-04-24T00:00:00,777400,699900,738650
2018-04-25T00:00:00,772700,658000,715350
2018-04-26T00:00:00,724800,658500,691650
2018-04-27T00:00:00,745000,703000,724000
2018-04-28T00:00:00,744700,702900,723800
2018-04-29T00:00:00,749800,719800,734800
2018-04-30T00:00:00,785000,730300,757650
2018-05-01T00:00:00,743500,698000,720750
2018-05-02T00:00:00,751200,724000,737600
2018-05-03T00:00:00,871100,746000,808550
2018-05-04T00:00:00,886600,836000,861300
2018-05-05T00:00:00,907700,858500,883100
2018-05-06T00:00:00,926200,842000,884100
2018-05-07T00:00:00,882500,782800,832650
2018-05-08T00:00:00,863800,801700,832750
2018-05-09T00:00:00,842500,788900,815700
2018-05-10T00:00:00,850500,797100,823800
2018-05-11T00:00:00,814800,685000,749900
2018-05-12T00:00:00,770900,704700,737800
2018-05-13T00:00:00,830400,751100,790750
2018-05-14T00:00:00,831000,778500,804750
2018-05-15T00:00:00,829000,783600,806300
2018-05-16T00:00:00,798200,750200,774200
2018-05-17T00:00:00,799200,747000,773100
2018-05-18T00:00:00,772200,736000,754100
2018-05-19T00:00:00,790500,760000,775250
2018-05-20T00:00:00,793000,761700,777350
2018-05-21T00:00:00,794100,768200,781150
2018-05-22T00:00:00,779700,719900,749800
2018-05-23T00:00:00,732400,646500,689450
2018-05-24T00:00:00,685600,620000,652800
2018-05-25T00:00:00,682400,636000,659200
2018-05-26T00:00:00,670800,643000,656900
2018-05-27T00:00:00,655600,620100,637850
2018-05-28T00:00:00,641000,564000,602500
2018-05-29T00:00:00,635600,567100,601350
2018-05-30T00:00:00,651500,602000,626750
2018-05-31T00:00:00,644400,614500,629450
2018-06-01T00:00:00,648000,625000,636500
2018-06-02T00:00:00,653500,633300,643400
2018-06-03T00:00:00,682500,644200,663350
2018-06-04T00:00:00,683000,640000,661500
2018-06-05T00:00:00,674000,635800,654900
2018-06-06T00:00:00,670000,651200,660600
2018-06-07T00:00:00,670300,654000,662150
2018-06-08T00:00:00,661400,650100,655750
2018-06-09T00:00:00,663800,650100,656950
2018-06-10T00:00:00,652600,561700,607150
2018-06-11T00:00:00,598000,564700,581350
2018-06-12T00:00:00,599000,543700,571350
2018-06-13T00:00:00,561600,508000,534800
2018-06-14T00:00:00,580000,516100,548050
2018-06-15T00:00:00,579400,543200,561300
2018-06-16T00:00:00,563100,543200,553150
2018-06-17T00:00:00,566000,551500,558750
2018-06-18T00:00:00,580500,547000,563750
2018-06-19T00:00:00,615600,573000,594300
2018-06-20T00:00:00,603100,553900,578500
2018-06-21T00:00:00,607700,583100,595400
2018-06-22T00:00:00,599900,520300,560100
2018-06-23T00:00:00,548000,519600,533800
2018-06-24T00:00:00,546500,482000,514250
2018-06-25T00:00:00,533000,503000,518000
2018-06-26T00:00:00,518100,487000,502550
2018-06-27T00:00:00,502700,480500,491600
2018-06-28T00:00:00,500500,476000,488250
2018-06-29T00:00:00,495400,461000,478200
2018-06-30T00:00:00,517500,486300,501900
2018-07-01T00:00:00,512000,497350,504675
2018-07-02T00:00:00,529900,498000,513950
2018-07-03T00:00:00,538600,515300,526950
2018-07-04T00:00:00,535000,499400,517200
2018-07-05T00:00:00,532700,515100,523900
2018-07-06T00:00:00,535000,512000,523500
2018-07-07T00:00:00,540100,521300,530700
2018-07-08T00:00:00,548200,537700,542950
2018-07-09T00:00:00,546700,527300,537000
2018-07-10T00:00:00,533700,488500,511100
2018-07-11T00:00:00,508200,430000,469100
2018-07-12T00:00:00,504400,476800,490600
2018-07-13T00:00:00,501100,483350,492225
2018-07-14T00:00:00,498750,488050,493400
2018-07-15T00:00:00,510500,490200,500350
2018-07-16T00:00:00,532800,500400,516600
2018-07-17T00:00:00,557700,521100,539400
2018-07-18T00:00:00,568200,529300,548750
2018-07-19T00:00:00,543300,521000,532150
2018-07-20T00:00:00,531000,504400,517700
2018-07-21T00:00:00,529000,502100,515550
2018-07-22T00:00:00,532500,512100,522300
2018-07-23T00:00:00,527000,507000,517000
2018-07-24T00:00:00,544200,508300,526250
2018-07-25T00:00:00,545200,521000,533100
2018-07-26T00:00:00,540800,516000,528400
2018-07-27T00:00:00,529300,514600,521950
2018-07-28T00:00:00,528400,518100,523250
2018-07-29T00:00:00,528300,521200,524750
2018-07-30T00:00:00,526800,508000,517400
2018-07-31T00:00:00,518200,486000,502100
2018-08-01T00:00:00,497300,469300,483300
2018-08-02T00:00:00,486600,472000,479300
2018-08-03T00:00:00,480000,457600,468800
2018-08-04T00:00:00,481900,461700,471800
2018-08-05T00:00:00,476500,461000,468750
2018-08-06T00:00:00,474700,462300,468500
2018-08-07T00:00:00,472150,430550,451350
2018-08-08T00:00:00,440650,409700,425175
2018-08-09T00:00:00,428000,408950,418475
2018-08-10T00:00:00,423000,385100,404050
2018-08-11T00:00:00,392500,360600,376550
2018-08-12T00:00:00,384000,370500,377250
2018-08-13T00:00:00,376300,332700,354500
2018-08-14T00:00:00,337100,295000,316050
2018-08-15T00:00:00,352000,322600,337300
2018-08-16T00:00:00,345200,323700,334450
2018-08-17T00:00:00,364300,331200,347750
2018-08-18T00:00:00,368100,329400,348750
2018-08-19T00:00:00,352600,333500,343050
2018-08-20T00:00:00,348200,313400,330800
2018-08-21T00:00:00,327250,312700,319975
2018-08-22T00:00:00,338100,300000,319050
2018-08-23T00:00:00,319900,307500,313700
2018-08-24T00:00:00,319900,306200,313050
2018-08-25T00:00:00,319950,312500,316225
2018-08-26T00:00:00,314250,306100,310175
2018-08-27T00:00:00,319900,306250,313075
2018-08-28T00:00:00,329300,315500,322400
2018-08-29T00:00:00,330300,317700,324000
2018-08-30T00:00:00,325000,307500,316250
2018-08-31T00:00:00,319500,311450,315475
2018-09-01T00:00:00,333000,315800,324400
2018-09-02T00:00:00,333500,322550,328025
2018-09-03T00:00:00,329200,320100,324650
2018-09-04T00:00:00,326450,318050,322250
2018-09-05T00:00:00,323200,262200,292700
2018-09-06T00:00:00,268000,248000,258000
2018-09-07T00:00:00,271350,248100,259725
2018-09-08T00:00:00,254000,221350,237675
2018-09-09T00:00:00,240350,214900,227625
2018-09-10T00:00:00,234800,216200,225500
2018-09-11T00:00:00,229200,204000,216600
2018-09-12T00:00:00,213650,193850,203750
2018-09-13T00:00:00,242950,209000,225975
2018-09-14T00:00:00,253800,230300,242050
2018-09-15T00:00:00,256000,235950,245975
2018-09-16T00:00:00,252050,237950,245000
2018-09-17T00:00:00,253950,221200,237575
2018-09-18T00:00:00,244500,222800,233650
2018-09-19T00:00:00,244500,226250,235375
2018-09-20T00:00:00,255050,234250,244650
2018-09-21T00:00:00,281150,247050,264100
2018-09-22T00:00:00,285200,260550,272875
2018-09-23T00:00:00,279050,266000,272525
2018-09-24T00:00:00,275650,254800,265225
2018-09-25T00:00:00,257550,232000,244775
2018-09-26T00:00:00,251700,236100,243900
2018-09-27T00:00:00,260000,237150,248575
2018-09-28T00:00:00,259650,241350,250500
2018-09-29T00:00:00,266050,241000,253525
2018-09-30T00:00:00,265550,254050,259800
2018-10-01T00:00:00,262300,250300,256300
2018-10-02T00:00:00,259000,252600,255800
2018-10-03T00:00:00,255750,245000,250375
2018-10-04T00:00:00,256700,249050,252875
2018-10-05T00:00:00,261650,249200,255425
2018-10-06T00:00:00,258450,253100,255775
2018-10-07T00:00:00,257850,252150,255000
2018-10-08T00:00:00,262250,254000,258125
2018-10-09T00:00:00,260700,256900,258800
2018-10-10T00:00:00,258650,253200,255925
2018-10-11T00:00:00,255800,217700,236750
2018-10-12T00:00:00,230800,219000,224900
2018-10-13T00:00:00,230600,223900,227250
2018-10-14T00:00:00,231000,221000,226000
2018-10-15T00:00:00,253350,220750,237050
2018-10-16T00:00:00,238200,231500,234850
2018-10-17T00:00:00,235450,228950,232200
2018-10-18T00:00:00,233450,227200,230325
2018-10-19T00:00:00,230400,226350,228375
2018-10-20T00:00:00,232050,227450,229750
2018-10-21T00:00:00,234400,229600,232000
2018-10-22T00:00:00,232000,227200,229600
2018-10-23T00:00:00,230200,225700,227950
2018-10-24T00:00:00,229300,227500,228400
2018-10-25T00:00:00,228050,225050,226550
2018-10-26T00:00:00,231450,225350,228400
2018-10-27T00:00:00,228900,227250,228075
2018-10-28T00:00:00,230000,227750,228875
2018-10-29T00:00:00,229150,218600,223875
2018-10-30T00:00:00,222900,220000,221450
2018-10-31T00:00:00,226000,218600,222300
2018-11-01T00:00:00,224800,222450,223625
2018-11-02T00:00:00,228000,223700,225850
2018-11-03T00:00:00,226250,222800,224525
2018-11-04T00:00:00,244000,222750,233375
2018-11-05T00:00:00,237950,232000,234975
2018-11-06T00:00:00,245400,233150,239275
2018-11-07T00:00:00,250000,241400,245700
2018-11-08T00:00:00,245000,238200,241600
2018-11-09T00:00:00,241700,235300,238500
2018-11-10T00:00:00,241800,237550,239675
2018-11-11T00:00:00,240750,235800,238275
2018-11-12T00:00:00,240500,237400,238950
2018-11-13T00:00:00,239800,235200,237500
2018-11-14T00:00:00,236500,203050,219775
2018-11-15T00:00:00,218000,197950,207975
2018-11-16T00:00:00,210750,198650,204700
2018-11-17T00:00:00,202700,198700,200700
2018-11-18T00:00:00,206750,199800,203275
2018-11-19T00:00:00,203350,169400,186375
2018-11-20T00:00:00,176050,143850,159950
2018-11-21T00:00:00,160500,144500,152500
2018-11-22T00:00:00,160500,143400,151950
2018-11-23T00:00:00,147000,135550,141275
2018-11-24T00:00:00,147150,129450,138300
2018-11-25T00:00:00,137750,116450,127100
2018-11-26T00:00:00,137050,120750,128900
2018-11-27T00:00:00,129000,116500,122750
2018-11-28T00:00:00,142300,125900,134100
2018-11-29T00:00:00,140100,130000,135050
2018-11-30T00:00:00,135200,125950,130575
2018-12-01T00:00:00,136100,125750,130925
2018-12-02T00:00:00,135800,130550,133175
2018-12-03T00:00:00,132000,121000,126500
2018-12-04T00:00:00,127600,120000,123800
2018-12-05T00:00:00,124600,115700,120150
2018-12-06T00:00:00,118050,102400,110225
2018-12-07T00:00:00,110050,93500,101775
2018-12-08T00:00:00,111000,95730,103365
2018-12-09T00:00:00,111100,100350,105725
2018-12-10T00:00:00,107500,100050,103775
2018-12-11T00:00:00,103900,97500,100700
2018-12-12T00:00:00,102950,98220,100585
2018-12-13T00:00:00,102200,95700,98950
2018-12-14T00:00:00,98640,93200,95920
2018-12-15T00:00:00,95930,92450,94190
2018-12-16T00:00:00,98670,94420,96545
2018-12-17T00:00:00,107450,95160,101305
2018-12-18T00:00:00,113450,102450,107950
2018-12-19T00:00:00,121050,110550,115800
2018-12-20T00:00:00,137800,109650,123725
2018-12-21T00:00:00,135500,118200,126850
2018-12-22T00:00:00,130850,118600,124725
2018-12-23T00:00:00,148500,130050,139275
2018-12-24T00:00:00,177000,144600,160800
2018-12-25T00:00:00,158700,137050,147875
2018-12-26T00:00:00,153500,139200,146350
2018-12-27T00:00:00,148950,129600,139275
2018-12-28T00:00:00,154900,127500,141200
2018-12-29T00:00:00,164500,146000,155250
2018-12-30T00:00:00,157050,146550,151800
2018-12-31T00:00:00,156500,145950,151225
2019-01-01T00:00:00,158550,147750,153150
2019-01-02T00:00:00,174150,155850,165000
2019-01-03T00:00:00,173700,163500,168600
2019-01-04T00:00:00,175900,164050,169975
2019-01-05T00:00:00,180800,172400,176600
2019-01-06T00:00:00,177750,168300,173025
2019-01-07T00:00:00,175900,167300,171600
2019-01-08T00:00:00,171000,164200,167600
2019-01-09T00:00:00,171750,165600,168675
2019-01-10T00:00:00,167700,138500,153100
2019-01-11T00:00:00,146400,136950,141675
2019-01-12T00:00:00,145900,139600,142750
2019-01-13T00:00:00,141200,128250,134725
2019-01-14T00:00:00,147000,129900,138450
2019-01-15T00:00:00,146500,132350,139425
2019-01-16T00:00:00,143200,134100,138650
2019-01-17T00:00:00,138550,132600,135575
2019-01-18T00:00:00,137250,132650,134950
2019-01-19T00:00:00,140800,133650,137225
2019-01-20T00:00:00,138500,130000,134250
2019-01-21T00:00:00,132900,128000,130450
2019-01-22T00:00:00,134050,125650,129850
2019-01-23T00:00:00,133000,130100,131550
2019-01-24T00:00:00,131050,127550,129300
2019-01-25T00:00:00,131000,126750,128875
2019-01-26T00:00:00,130700,127550,129125
2019-01-27T00:00:00,129000,123500,126250
2019-01-28T00:00:00,125450,112600,119025
2019-01-29T00:00:00,118400,113850,116125
2019-01-30T00:00:00,121750,115250,118500
2019-01-31T00:00:00,121900,115500,118700
2019-02-01T00:00:00,118850,114050,116450
2019-02-02T00:00:00,122000,117000,119500
2019-02-03T00:00:00,122050,117250,119650
2019-02-04T00:00:00,120850,117700,119275
2019-02-05T00:00:00,119750,118000,118875
2019-02-06T00:00:00,118850,112700,115775
2019-02-07T00:00:00,117700,115850,116775
2019-02-08T00:00:00,133900,115450,124675
2019-02-09T00:00:00,132100,128900,130500
2019-02-10T00:00:00,137800,126350,132075
2019-02-11T00:00:00,137000,131550,134275
2019-02-12T00:00:00,135850,130500,133175
2019-02-13T00:00:00,139050,133000,136025
2019-02-14T00:00:00,137300,133250,135275
2019-02-15T00:00:00,137700,133650,135675
2019-02-16T00:00:00,137500,134350,135925
2019-02-17T00:00:00,149400,135350,142375
2019-02-18T00:00:00,160400,146050,153225
2019-02-19T00:00:00,163750,153050,158400
2019-02-20T00:00:00,162350,152400,157375
2019-02-21T00:00:00,164200,157450,160825
2019-02-22T00:00:00,163150,158700,160925
2019-02-23T00:00:00,172500,160300,166400
2019-02-24T00:00:00,179850,147250,163550
2019-02-25T00:00:00,156500,147550,152025
2019-02-26T00:00:00,153750,149000,151375
2019-02-27T00:00:00,155500,142450,148975
2019-02-28T00:00:00,154400,147200,150800
2019-03-01T00:00:00,152550,149950,151250
2019-03-02T00:00:00,151000,145000,148000
2019-03-03T00:00:00,149550,143000,146275
2019-03-04T00:00:00,145600,137500,141550
2019-03-05T00:00:00,150900,139650,145275
2019-03-06T00:00:00,154400,147300,150850
2019-03-07T00:00:00,154000,150300,152150
2019-03-08T00:00:00,154150,145000,149575
2019-03-09T00:00:00,153000,148100,150550
2019-03-10T00:00:00,151550,148500,150025
2019-03-11T00:00:00,151000,146500,148750
2019-03-12T00:00:00,151000,143850,147425
2019-03-13T00:00:00,149700,146450,148075
2019-03-14T00:00:00,151150,145200,148175
2019-03-15T00:00:00,153100,147600,150350
2019-03-16T00:00:00,159800,151600,155700
2019-03-17T00:00:00,156250,152300,154275
2019-03-18T00:00:00,158000,152650,155325
2019-03-19T00:00:00,155800,153200,154500
2019-03-20T00:00:00,156300,153150,154725
2019-03-21T00:00:00,156900,149550,153225
2019-03-22T00:00:00,154600,151700,153150
2019-03-23T00:00:00,155500,152850,154175
2019-03-24T00:00:00,155250,153300,154275
2019-03-25T00:00:00,155850,150000,152925
2019-03-26T00:00:00,152950,149800,151375
2019-03-27T00:00:00,157750,152350,155050
2019-03-28T00:00:00,156950,155200,156075
2019-03-29T00:00:00,162300,155750,159025
2019-03-30T00:00:00,165000,158000,161500
2019-03-31T00:00:00,161000,159350,160175
2019-04-01T00:00:00,162950,158500,160725
2019-04-02T00:00:00,183950,160600,172275
2019-04-03T00:00:00,197750,176500,187125
2019-04-04T00:00:00,185650,174300,179975
2019-04-05T00:00:00,191500,178150,184825
2019-04-06T00:00:00,196700,182000,189350
2019-04-07T00:00:00,199900,188200,194050
2019-04-08T00:00:00,213700,198200,205950
2019-04-09T00:00:00,207950,201000,204475
2019-04-10T00:00:00,211950,200800,206375
2019-04-11T00:00:00,206450,187000,196725
2019-04-12T00:00:00,194000,183200,188600
2019-04-13T00:00:00,192650,187950,190300
2019-04-14T00:00:00,195200,188000,191600
2019-04-15T00:00:00,195750,184750,190250
2019-04-16T00:00:00,193150,184900,189025
2019-04-17T00:00:00,195300,190000,192650
2019-04-18T00:00:00,202050,190550,196300
2019-04-19T00:00:00,200600,195000,197800
2019-04-20T00:00:00,204600,198250,201425
2019-04-21T00:00:00,201300,193300,197300
2019-04-22T00:00:00,199900,195600,197750
2019-04-23T00:00:00,204700,196900,200800
2019-04-24T00:00:00,199550,190150,194850
2019-04-25T00:00:00,196250,179750,188000
2019-04-26T00:00:00,187000,176200,181600
2019-04-27T00:00:00,186500,180800,183650
2019-04-28T00:00:00,185550,182000,183775
2019-04-29T00:00:00,183450,175150,179300
2019-04-30T00:00:00,186500,178600,182550
2019-05-01T00:00:00,188450,182250,185350
2019-05-02T00:00:00,187700,183300,185500
2019-05-03T00:00:00,195700,185300,190500
2019-05-04T00:00:00,195700,185000,190350
2019-05-05T00:00:00,190250,185000,187625
2019-05-06T00:00:00,204700,186200,195450
2019-05-07T00:00:00,209150,194450,201800
2019-05-08T00:00:00,200000,190700,195350
2019-05-09T00:00:00,202100,196350,199225
2019-05-10T00:00:00,206600,198500,202550
2019-05-11T00:00:00,237000,203300,220150
2019-05-12T00:00:00,237200,214100,225650
2019-05-13T00:00:00,240850,217500,229175
2019-05-14T00:00:00,262250,229800,246025
2019-05-15T00:00:00,293450,258400,275925
2019-05-16T00:00:00,331000,289000,310000
2019-05-17T00:00:00,325200,269800,297500
2019-05-18T00:00:00,302650,281450,292050
2019-05-19T00:00:00,312900,282350,297625
2019-05-20T00:00:00,309150,290000,299575
2019-05-21T00:00:00,313950,297900,305925
2019-05-22T00:00:00,311500,293650,302575
2019-05-23T00:00:00,299000,278750,288875
2019-05-24T00:00:00,303850,290550,297200
2019-05-25T00:00:00,309050,296000,302525
2019-05-26T00:00:00,322650,292800,307725
2019-05-27T00:00:00,330300,313700,322000
2019-05-28T00:00:00,326500,315600,321050
2019-05-29T00:00:00,330000,311400,320700
2019-05-30T00:00:00,346300,299200,322750
2019-05-31T00:00:00,325050,299800,312425
2019-06-01T00:00:00,334000,316600,325300
2019-06-02T00:00:00,328700,319600,324150
2019-06-03T00:00:00,325900,307050,316475
2019-06-04T00:00:00,310400,289200,299800
2019-06-05T00:00:00,306350,293000,299675
2019-06-06T00:00:00,305000,289650,297325
2019-06-07T00:00:00,307700,297000,302350
2019-06-08T00:00:00,305850,298000,301925
2019-06-09T00:00:00,301200,283500,292350
2019-06-10T00:00:00,301300,280650,290975
2019-06-11T00:00:00,302200,291000,296600
2019-06-12T00:00:00,316000,295250,305625
2019-06-13T00:00:00,317700,307450,312575
2019-06-14T00:00:00,320000,305550,312775
2019-06-15T00:00:00,326500,313000,319750
2019-06-16T00:00:00,330500,317000,323750
2019-06-17T00:00:00,326050,319550,322800
2019-06-18T00:00:00,324900,314650,319775
2019-06-19T00:00:00,322500,316150,319325
2019-06-20T00:00:00,326400,316850,321625
2019-06-21T00:00:00,349500,323100,336300
2019-06-22T00:00:00,365500,344650,355075
2019-06-23T00:00:00,369000,352600,360800
2019-06-24T00:00:00,366600,349500,358050
2019-06-25T00:00:00,377450,361050,369250
2019-06-26T00:00:00,440650,373600,407125
2019-06-27T00:00:00,422200,347500,384850
2019-06-28T00:00:00,385850,364250,375050
2019-06-29T00:00:00,396950,366000,381475
2019-06-30T00:00:00,396500,363000,379750
2019-07-01T00:00:00,372600,343450,358025
2019-07-02T00:00:00,365000,331100,348050
2019-07-03T00:00:00,366450,350950,358700
2019-07-04T00:00:00,365500,340950,353225
2019-07-05T00:00:00,357000,340000,348500
2019-07-06T00:00:00,356150,344900,350525
2019-07-07T00:00:00,370350,344500,357425
2019-07-08T00:00:00,374350,359200,366775
2019-07-09T00:00:00,377450,362000,369725
2019-07-10T00:00:00,372500,336600,354550
2019-07-11T00:00:00,348800,318700,333750
2019-07-12T00:00:00,337600,318800,328200
2019-07-13T00:00:00,332200,321600,326900
2019-07-14T00:00:00,327750,274000,300875
2019-07-15T00:00:00,284550,245700,265125
2019-07-16T00:00:00,283450,235650,259550
2019-07-17T00:00:00,263450,231100,247275
2019-07-18T00:00:00,273000,245200,259100
2019-07-19T00:00:00,270400,256350,263375
2019-07-20T00:00:00,278100,262950,270525
2019-07-21T00:00:00,272850,260000,266425
2019-07-22T00:00:00,271000,253850,262425
2019-07-23T00:00:00,260650,250000,255325
2019-07-24T00:00:00,259000,240000,249500
2019-07-25T00:00:00,267050,255800,261425
2019-07-26T00:00:00,261300,252700,257000
2019-07-27T00:00:00,263500,240700,252100
2019-07-28T00:00:00,253000,238450,245725
2019-07-29T00:00:00,254900,245000,249950
2019-07-30T00:00:00,253300,243000,248150
2019-07-31T00:00:00,259450,247800,253625
2019-08-01T00:00:00,259450,250550,255000
2019-08-02T00:00:00,264950,254700,259825
2019-08-03T00:00:00,267000,258800,262900
2019-08-04T00:00:00,263850,256350,260100
2019-08-05T00:00:00,280250,262500,271375
2019-08-06T00:00:00,283050,267700,275375
2019-08-07T00:00:00,274800,264650,269725
2019-08-08T00:00:00,269750,258950,264350
2019-08-09T00:00:00,263550,249250,256400
2019-08-10T00:00:00,257250,244600,250925
2019-08-11T00:00:00,260150,249000,254575
2019-08-12T00:00:00,260000,252550,256275
2019-08-13T00:00:00,255000,245200,250100
2019-08-14T00:00:00,254000,225000,239500
2019-08-15T00:00:00,231700,211450,221575
2019-08-16T00:00:00,230400,218000,224200
2019-08-17T00:00:00,227250,222000,224625
2019-08-18T00:00:00,239050,222600,230825
2019-08-19T00:00:00,245450,233100,239275
2019-08-20T00:00:00,244600,234900,239750
2019-08-21T00:00:00,237700,220000,228850
2019-08-22T00:00:00,236000,221650,228825
2019-08-23T00:00:00,235200,227750,231475
2019-08-24T00:00:00,232650,225100,228875
2019-08-25T00:00:00,231500,221200,226350
2019-08-26T00:00:00,231200,223550,227375
2019-08-27T00:00:00,227600,222150,224875
2019-08-28T00:00:00,225500,203950,214725
2019-08-29T00:00:00,209900,199500,204700
2019-08-30T00:00:00,208100,201000,204550
2019-08-31T00:00:00,210950,201900,206425
2019-09-01T00:00:00,209950,203450,206700
2019-09-02T00:00:00,218000,205300,211650
2019-09-03T00:00:00,219900,210300,215100
2019-09-04T00:00:00,215600,208000,211800
2019-09-05T00:00:00,210100,203600,206850
2019-09-06T00:00:00,212000,200000,206000
2019-09-07T00:00:00,215600,201800,208700
2019-09-08T00:00:00,218800,211000,214900
2019-09-09T00:00:00,220300,209950,215125
2019-09-10T00:00:00,219000,212100,215550
2019-09-11T00:00:00,217800,210000,213900
2019-09-12T00:00:00,217200,211750,214475
2019-09-13T00:00:00,216300,212100,214200
2019-09-14T00:00:00,223300,213900,218600
2019-09-15T00:00:00,225450,220200,222825
2019-09-16T00:00:00,235600,222800,229200
2019-09-17T00:00:00,254050,231650,242850
2019-09-18T00:00:00,257300,245900,251600
2019-09-19T00:00:00,266200,240150,253175
2019-09-20T00:00:00,263500,252700,258100
2019-09-21T00:00:00,262600,254500,258550
2019-09-22T00:00:00,256650,245800,251225
2019-09-23T00:00:00,251900,237350,244625
2019-09-24T00:00:00,242000,187300,214650
2019-09-25T00:00:00,211400,193000,202200
2019-09-26T00:00:00,206050,185000,195525
2019-09-27T00:00:00,211700,193350,202525
2019-09-28T00:00:00,210750,202200,206475
2019-09-29T00:00:00,209950,198100,204025
2019-09-30T00:00:00,217400,198200,207800
2019-10-01T00:00:00,223300,209000,216150
2019-10-02T00:00:00,218350,209100,213725
2019-10-03T00:00:00,217900,205700,211800
2019-10-04T00:00:00,214650,205800,210225
2019-10-05T00:00:00,212000,205600,208800
2019-10-06T00:00:00,211350,202200,206775
2019-10-07T00:00:00,217300,202000,209650
2019-10-08T00:00:00,220300,211550,215925
2019-10-09T00:00:00,232350,213700,223025
2019-10-10T00:00:00,230650,222900,226775
2019-10-11T00:00:00,233900,213600,223750
2019-10-12T00:00:00,219250,211600,215425
2019-10-13T00:00:00,218450,212500,215475
2019-10-14T00:00:00,221500,213500,217500
2019-10-15T00:00:00,222650,212000,217325
2019-10-16T00:00:00,215750,205000,210375
2019-10-17T00:00:00,212300,205950,209125
2019-10-18T00:00:00,210400,201450,205925
2019-10-19T00:00:00,207450,202000,204725
2019-10-20T00:00:00,209050,201550,205300
2019-10-21T00:00:00,210600,202800,206700
2019-10-22T00:00:00,206150,201500,203825
2019-10-23T00:00:00,202750,181300,192025
2019-10-24T00:00:00,193650,186600,190125
2019-10-25T00:00:00,216250,188550,202400
2019-10-26T00:00:00,226500,202550,214525
2019-10-27T00:00:00,217500,205100,211300
2019-10-28T00:00:00,217500,210200,213850
2019-10-29T00:00:00,223750,211050,217400
2019-10-30T00:00:00,222500,210500,216500
2019-10-31T00:00:00,215900,208500,212200
2019-11-01T00:00:00,216200,208800,212500
2019-11-02T00:00:00,216250,212500,214375
2019-11-03T00:00:00,215250,209950,212600
2019-11-04T00:00:00,218400,210500,214450
2019-11-05T00:00:00,222000,212000,217000
2019-11-06T00:00:00,223300,216950,220125
2019-11-07T00:00:00,221300,212850,217075
2019-11-08T00:00:00,218000,210500,214250
2019-11-09T00:00:00,215800,213050,214425
2019-11-10T00:00:00,222200,213000,217600
2019-11-11T00:00:00,220300,214700,217500
2019-11-12T00:00:00,218500,213100,215800
2019-11-13T00:00:00,220100,215500,217800
2019-11-14T00:00:00,219500,214050,216775
2019-11-15T00:00:00,217500,208200,212850
2019-11-16T00:00:00,214800,210100,212450
2019-11-17T00:00:00,216900,210650,213775
2019-11-18T00:00:00,214700,207500,211100
2019-11-19T00:00:00,209000,202100,205550
2019-11-20T00:00:00,207300,203200,205250
2019-11-21T00:00:00,205700,187000,196350
2019-11-22T00:00:00,193200,167100,180150
2019-11-23T00:00:00,183000,173900,178450
2019-11-24T00:00:00,181500,165450,173475
2019-11-25T00:00:00,177650,155100,166375
2019-11-26T00:00:00,176250,168450,172350
2019-11-27T00:00:00,181000,164500,172750
2019-11-28T00:00:00,180050,174350,177200
2019-11-29T00:00:00,184800,175100,179950
2019-11-30T00:00:00,181650,175700,178675
2019-12-01T00:00:00,177800,171000,174400
2019-12-02T00:00:00,176750,171250,174000
2019-12-03T00:00:00,176250,171950,174100
2019-12-04T00:00:00,176900,170000,173450
2019-12-05T00:00:00,175350,170000,172675
2019-12-06T00:00:00,174600,171900,173250
2019-12-07T00:00:00,174650,172450,173550
2019-12-08T00:00:00,177400,171900,174650
2019-12-09T00:00:00,176400,172750,174575
2019-12-10T00:00:00,173950,168700,171325
2019-12-11T00:00:00,171400,166750,169075
2019-12-12T00:00:00,168900,163600,166250
2019-12-13T00:00:00,169150,166350,167750
2019-12-14T00:00:00,168300,162400,165350
2019-12-15T00:00:00,166650,161600,164125
2019-12-16T00:00:00,165300,151600,158450
2019-12-17T00:00:00,154850,140000,147425
2019-12-18T00:00:00,155300,136250,145775
2019-12-19T00:00:00,154100,146350,150225
2019-12-20T00:00:00,150100,145150,147625
2019-12-21T00:00:00,148500,146300,147400
2019-12-22T00:00:00,152900,146700,149800
2019-12-23T00:00:00,155000,146750,150875
2019-12-24T00:00:00,149350,146650,148000
2019-12-25T00:00:00,148200,144000,146100
2019-12-26T00:00:00,150950,142650,146800
2019-12-27T00:00:00,146200,141150,143675
2019-12-28T00:00:00,147950,144950,146450
2019-12-29T00:00:00,153500,145750,149625
2019-12-30T00:00:00,154000,148700,151350
2019-12-31T00:00:00,152200,147450,149825
2020-01-01T00:00:00,151150,147500,149325
2020-01-02T00:00:00,149350,144150,146750
2020-01-03T00:00:00,153300,142500,147900
2020-01-04T00:00:00,154700,150750,152725
2020-01-05T00:00:00,157600,152950,155275
2020-01-06T00:00:00,163350,153750,158550
2020-01-07T00:00:00,166000,159300,162650
2020-01-08T00:00:00,170600,155300,162950
2020-01-09T00:00:00,159800,154200,157000
2020-01-10T00:00:00,164950,153550,159250
2020-01-11T00:00:00,166300,160800,163550
2020-01-12T00:00:00,164450,160250,162350
2020-01-13T00:00:00,165300,160700,163000
2020-01-14T00:00:00,185100,162200,173650
2020-01-15T00:00:00,193000,176350,184675
2020-01-16T00:00:00,185700,176750,181225
2020-01-17T00:00:00,197000,182000,189500
2020-01-18T00:00:00,205550,187050,196300
2020-01-19T00:00:00,202050,184100,193075
2020-01-20T00:00:00,192600,184550,188575
2020-01-21T00:00:00,194300,188750,191525
2020-01-22T00:00:00,196300,189500,192900
2020-01-23T00:00:00,192200,185300,188750
2020-01-24T00:00:00,190500,182300,186400
2020-01-25T00:00:00,189100,184150,186625
2020-01-26T00:00:00,194550,186450,190500
2020-01-27T00:00:00,196700,191650,194175
2020-01-28T00:00:00,198800,193400,196100
2020-01-29T00:00:00,204800,197400,201100
2020-01-30T00:00:00,211350,195000,203175
2020-01-31T00:00:00,211450,201950,206700
2020-02-01T00:00:00,212250,207050,209650
2020-02-02T00:00:00,221900,208300,215100
2020-02-03T00:00:00,223300,216300,219800
2020-02-04T00:00:00,221500,212950,217225
2020-02-05T00:00:00,237250,217650,227450
2020-02-06T00:00:00,251000,229700,240350
2020-02-07T00:00:00,263850,245300,254575
2020-02-08T00:00:00,265650,249200,257425
2020-02-09T00:00:00,268950,259000,263975
2020-02-10T00:00:00,266750,253400,260075
2020-02-11T00:00:00,275300,253600,264450
2020-02-12T00:00:00,315000,273150,294075
2020-02-13T00:00:00,318050,289550,303800
2020-02-14T00:00:00,328500,302000,315250
2020-02-15T00:00:00,330700,305450,318075
2020-02-16T00:00:00,321300,280000,300650
2020-02-17T00:00:00,316350,284000,300175
2020-02-18T00:00:00,332650,306100,319375
2020-02-19T00:00:00,334100,307050,320575
2020-02-20T00:00:00,315200,296550,305875
2020-02-21T00:00:00,318700,305000,311850
2020-02-22T00:00:00,316550,306000,311275
2020-02-23T00:00:00,325000,310700,317850
2020-02-24T00:00:00,329000,313500,321250
2020-02-25T00:00:00,320600,298000,309300
2020-02-26T00:00:00,307000,270000,288500
2020-02-27T00:00:00,288000,254050,271025
2020-02-28T00:00:00,284850,261000,272925
2020-02-29T00:00:00,281350,264200,272775
2020-03-01T00:00:00,275000,259900,267450
2020-03-02T00:00:00,280100,262750,271425
2020-03-03T00:00:00,278000,265100,271550
2020-03-04T00:00:00,273850,265400,269625
2020-03-05T00:00:00,277700,268800,273250
2020-03-06T00:00:00,291000,271000,281000
2020-03-07T00:00:00,301200,284600,292900
2020-03-08T00:00:00,285200,242200,263700
2020-03-09T00:00:00,257100,232650,244875
2020-03-10T00:00:00,249950,238050,244000
2020-03-11T00:00:00,245100,220000,232550
2020-03-12T00:00:00,234400,136750,185575
2020-03-13T00:00:00,180000,124350,152175
2020-03-14T00:00:00,177950,159850,168900
2020-03-15T00:00:00,166300,155450,160875
2020-03-16T00:00:00,160400,136400,148400
2020-03-17T00:00:00,152650,139200,145925
2020-03-18T00:00:00,150000,139850,144925
2020-03-19T00:00:00,180250,145000,162625
2020-03-20T00:00:00,190400,155050,172725
2020-03-21T00:00:00,174450,158900,166675
2020-03-22T00:00:00,170550,154650,162600
2020-03-23T00:00:00,170400,151900,161150
2020-03-24T00:00:00,175600,163800,169700
2020-03-25T00:00:00,175750,166400,171075
2020-03-26T00:00:00,171400,165000,168200
2020-03-27T00:00:00,172950,161000,166975
2020-03-28T00:00:00,162650,152500,157575
2020-03-29T00:00:00,161550,153000,157275
2020-03-30T00:00:00,164650,152800,158725
2020-03-31T00:00:00,164250,158650,161450
2020-04-01T00:00:00,166000,157500,161750
2020-04-02T00:00:00,175600,164400,170000
2020-04-03T00:00:00,175650,167900,171775
2020-04-04T00:00:00,175000,169000,172000
2020-04-05T00:00:00,174800,170500,172650
2020-04-06T00:00:00,205900,172600,189250
2020-04-07T00:00:00,212000,195850,203925
2020-04-08T00:00:00,209500,196500,203000
2020-04-09T00:00:00,208850,200700,204775
2020-04-10T00:00:00,206150,186100,196125
2020-04-11T00:00:00,198350,190000,194175
2020-04-12T00:00:00,201150,190650,195900
2020-04-13T00:00:00,194650,185850,190250
2020-04-14T00:00:00,196500,190050,193275
2020-04-15T00:00:00,195850,186850,191350
2020-04-16T00:00:00,210350,181700,196025
2020-04-17T00:00:00,211300,204000,207650
2020-04-18T00:00:00,227500,206700,217100
2020-04-19T00:00:00,226750,214400,220575
2020-04-20T00:00:00,225300,207000,216150
2020-04-21T00:00:00,214100,206000,210050
2020-04-22T00:00:00,222800,209000,215900
2020-04-23T00:00:00,230000,217500,223750
2020-04-24T00:00:00,230500,224000,227250
2020-04-25T00:00:00,238700,226100,232400
2020-04-26T00:00:00,241900,234400,238150
2020-04-27T00:00:00,242200,232000,237100
2020-04-28T00:00:00,240200,235000,237600
2020-04-29T00:00:00,259700,238700,249200
2020-04-30T00:00:00,274300,243000,258650
2020-05-01T00:00:00,264550,250050,257300
2020-05-01T00:00:00,264550,250050,257300
2020-05-02T00:00:00,261250,255400,258325
2020-05-02T00:00:00,261250,255400,258325
2020-05-03T00:00:00,264900,251250,258075
2020-05-03T00:00:00,264900,251250,258075
2020-05-04T00:00:00,258150,239000,248575
2020-05-04T00:00:00,258150,239000,248575
2020-05-05T00:00:00,256500,246300,251400
2020-05-05T00:00:00,256500,246300,251400
2020-05-06T00:00:00,255600,245100,250350
2020-05-06T00:00:00,255600,245100,250350
2020-05-07T00:00:00,259550,242800,251175
2020-05-07T00:00:00,259550,242800,251175
2020-05-08T00:00:00,261950,251550,256750
2020-05-08T00:00:00,261950,251550,256750
2020-05-09T00:00:00,258800,251950,255375
2020-05-09T00:00:00,258800,251950,255375
2020-05-10T00:00:00,254800,222750,238775
2020-05-10T00:00:00,254800,222750,238775
2020-05-11T00:00:00,237650,216050,226850
2020-05-11T00:00:00,237650,216050,226850
2020-05-12T00:00:00,232850,226350,229600
2020-05-12T00:00:00,232850,226350,229600
2020-05-13T00:00:00,242400,228800,235600
2020-05-13T00:00:00,242400,228800,235600
2020-05-14T00:00:00,248250,237750,243000
2020-05-14T00:00:00,248250,237750,243000
2020-05-15T00:00:00,245300,234300,239800
2020-05-15T00:00:00,245300,234300,239800
2020-05-16T00:00:00,245600,234800,240200
2020-05-16T00:00:00,245600,234800,240200
2020-05-17T00:00:00,250950,241300,246125
2020-05-17T00:00:00,250950,241300,246125
2020-05-18T00:00:00,259800,248100,253950
2020-05-18T00:00:00,259800,248100,253950
2020-05-19T00:00:00,259050,252700,255875
2020-05-19T00:00:00,259050,252700,255875
2020-05-20T00:00:00,258250,250000,254125
2020-05-20T00:00:00,258250,250000,254125
2020-05-21T00:00:00,256650,235000,245825
2020-05-21T00:00:00,256650,235000,245825
2020-05-22T00:00:00,253800,239000,246400
2020-05-22T00:00:00,253800,239000,246400
2020-05-23T00:00:00,255900,248800,252350
2020-05-23T00:00:00,255900,248800,252350
2020-05-24T00:00:00,254800,244000,249400
2020-05-24T00:00:00,254800,244000,249400
2020-05-25T00:00:00,253500,242200,247850
2020-05-25T00:00:00,253500,242200,247850
2020-05-26T00:00:00,249300,240000,244650
2020-05-26T00:00:00,249300,240000,244650
2020-05-27T00:00:00,253100,243800,248450
2020-05-27T00:00:00,253100,243800,248450
2020-05-28T00:00:00,266200,249550,257875
2020-05-28T00:00:00,266200,249550,257875
2020-05-29T00:00:00,272000,262300,267150
2020-05-29T00:00:00,272000,262300,267150
2020-05-30T00:00:00,295000,265000,280000
2020-05-30T00:00:00,295000,265000,280000
2020-05-31T00:00:00,294300,278600,286450
2020-05-31T00:00:00,294300,278600,286450
2020-06-01T00:00:00,298000,279500,288750
2020-06-02T00:00:00,301700,275000,288350
2020-06-03T00:00:00,295350,283000,289175
2020-06-04T00:00:00,298300,286500,292400
2020-06-05T00:00:00,296550,288500,292525
2020-06-06T00:00:00,293600,287000,290300
2020-06-07T00:00:00,294000,283600,288800
2020-06-08T00:00:00,295500,289300,292400
2020-06-09T00:00:00,298300,287500,292900
2020-06-10T00:00:00,296700,289050,292875
2020-06-11T00:00:00,296550,274000,285275
2020-06-12T00:00:00,286900,273800,280350
2020-06-13T00:00:00,286900,282950,284925
2020-06-14T00:00:00,286800,277350,282075
2020-06-15T00:00:00,281050,263800,272425
2020-06-16T00:00:00,283050,274950,279000
2020-06-17T00:00:00,286150,278700,282425
2020-06-18T00:00:00,283500,275800,279650
2020-06-19T00:00:00,280350,273550,276950
2020-06-20T00:00:00,279050,274150,276600
2020-06-21T00:00:00,279000,275000,277000
2020-06-22T00:00:00,294650,275250,284950
2020-06-23T00:00:00,293600,288450,291025
2020-06-24T00:00:00,297900,279000,288450
2020-06-25T00:00:00,283850,273800,278825
2020-06-26T00:00:00,281100,274250,277675
2020-06-27T00:00:00,277700,264200,270950
2020-06-28T00:00:00,274250,262050,268150
2020-06-29T00:00:00,274700,265600,270150
2020-06-30T00:00:00,273200,267400,270300
2020-07-01T00:00:00,278200,268350,273275
2020-07-02T00:00:00,277350,268550,272950
2020-07-03T00:00:00,273150,268850,271000
2020-07-04T00:00:00,275000,268850,271925
2020-07-05T00:00:00,273650,267900,270775
2020-07-06T00:00:00,286650,270450,278550
2020-07-07T00:00:00,288300,278800,283550
2020-07-08T00:00:00,293500,282400,287950
2020-07-09T00:00:00,293000,282500,287750
2020-07-10T00:00:00,287300,281500,284400
2020-07-11T00:00:00,287250,282100,284675
2020-07-12T00:00:00,288450,281350,284900
2020-07-13T00:00:00,290050,283400,286725
2020-07-14T00:00:00,288000,283450,285725
2020-07-15T00:00:00,286550,282900,284725
2020-07-16T00:00:00,285600,275400,280500
2020-07-17T00:00:00,280500,277350,278925
2020-07-18T00:00:00,281500,277550,279525
2020-07-19T00:00:00,284950,278300,281625
2020-07-20T00:00:00,285050,280500,282775
2020-07-21T00:00:00,292800,281950,287375
2020-07-22T00:00:00,315050,288250,301650
2020-07-23T00:00:00,330100,307900,319000
2020-07-24T00:00:00,340800,318450,329625
2020-07-25T00:00:00,365000,331550,348275
2020-07-26T00:00:00,376400,354000,365200
2020-07-27T00:00:00,388850,366350,377600
2020-07-28T00:00:00,383200,361750,372475
2020-07-29T00:00:00,383300,366900,375100
2020-07-30T00:00:00,401800,372500,387150
2020-07-31T00:00:00,412550,388850,400700
2020-08-01T00:00:00,462450,406300,434375
2020-08-02T00:00:00,489500,389150,439325
2020-08-03T00:00:00,473000,433950,453475
2020-08-04T00:00:00,475350,452000,463675
2020-08-05T00:00:00,479550,457500,468525
2020-08-06T00:00:00,476650,461350,469000
2020-08-07T00:00:00,469550,435650,452600
2020-08-08T00:00:00,468000,446700,457350
2020-08-09T00:00:00,471100,454000,462550
2020-08-10T00:00:00,471300,459800,465550
2020-08-11T00:00:00,468000,440400,454200
2020-08-12T00:00:00,460850,436050,448450
2020-08-13T00:00:00,509300,447400,478350
2020-08-14T00:00:00,521600,492400,507000
2020-08-15T00:00:00,520000,502000,511000
2020-08-16T00:00:00,511500,485000,498250
2020-08-17T00:00:00,513500,493550,503525
2020-08-18T00:00:00,502100,484700,493400
2020-08-19T00:00:00,499700,468600,484150
2020-08-20T00:00:00,493000,474050,483525
2020-08-21T00:00:00,492400,461250,476825
2020-08-22T00:00:00,470750,450400,460575
2020-08-23T00:00:00,470550,456000,463275
2020-08-24T00:00:00,483400,459800,471600
2020-08-25T00:00:00,482300,443450,462875
2020-08-26T00:00:00,464000,448200,456100
2020-08-27T00:00:00,470000,444550,457275
2020-08-28T00:00:00,467450,449100,458275
2020-08-29T00:00:00,475000,460950,467975
2020-08-30T00:00:00,501300,467850,484575
2020-08-31T00:00:00,516100,490000,503050
2020-09-01T00:00:00,570000,507000,538500
2020-09-02T00:00:00,566900,504000,535450
2020-09-03T00:00:00,535900,451000,493450
2020-09-04T00:00:00,485900,445150,465525
2020-09-05T00:00:00,476550,386250,431400
2020-09-06T00:00:00,434000,384700,409350
2020-09-07T00:00:00,432600,390000,411300
2020-09-08T00:00:00,425300,395000,410150
2020-09-09T00:00:00,426150,396500,411325
2020-09-10T00:00:00,447700,417450,432575
2020-09-11T00:00:00,445500,424500,435000
2020-09-12T00:00:00,459950,435100,447525
2020-09-13T00:00:00,463500,425000,444250
2020-09-14T00:00:00,455700,427000,441350
2020-09-15T00:00:00,452100,430800,441450
2020-09-16T00:00:00,438500,420300,429400
2020-09-17T00:00:00,461300,428950,445125
2020-09-18T00:00:00,459400,441000,450200
2020-09-19T00:00:00,453000,442100,447550
2020-09-20T00:00:00,450100,429800,439950
2020-09-21T00:00:00,439550,391150,415350
2020-09-22T00:00:00,407150,391750,399450
2020-09-23T00:00:00,403850,370050,386950
2020-09-24T00:00:00,410000,370100,390050
2020-09-25T00:00:00,416800,394200,405500
2020-09-26T00:00:00,414100,403600,408850
2020-09-27T00:00:00,421500,405600,413550
2020-09-28T00:00:00,425950,411050,418500
2020-09-29T00:00:00,419300,408500,413900
2020-09-30T00:00:00,420550,411100,415825
2020-10-01T00:00:00,429550,405500,417525
2020-10-02T00:00:00,414800,394900,404850
2020-10-03T00:00:00,411300,404350,407825
2020-10-04T00:00:00,414000,403700,408850
2020-10-05T00:00:00,414800,406650,410725
2020-10-06T00:00:00,412900,395100,404000
2020-10-07T00:00:00,399600,390500,395050
2020-10-08T00:00:00,407550,390000,398775
2020-10-09T00:00:00,420000,401100,410550
2020-10-10T00:00:00,429950,416750,423350
2020-10-11T00:00:00,429700,418950,424325
2020-10-12T00:00:00,448950,419200,434075
2020-10-13T00:00:00,442950,430800,436875
2020-10-14T00:00:00,444700,431300,438000
2020-10-15T00:00:00,437650,427000,432325
2020-10-16T00:00:00,436950,417450,427200
2020-10-17T00:00:00,426050,419500,422775
2020-10-18T00:00:00,434550,422950,428750
2020-10-19T00:00:00,438500,428000,433250
2020-10-20T00:00:00,433500,420000,426750
2020-10-21T00:00:00,449950,421700,435825
2020-10-22T00:00:00,471000,440650,455825
2020-10-23T00:00:00,470700,456150,463425
2020-10-24T00:00:00,469000,459300,464150
2020-10-25T00:00:00,470000,456650,463325
2020-10-26T00:00:00,461900,435000,448450
2020-10-27T00:00:00,459950,439900,449925
2020-10-28T00:00:00,459900,431100,445500
2020-10-29T00:00:00,445650,431500,438575
2020-10-30T00:00:00,443450,425200,434325
2020-10-31T00:00:00,444300,430850,437575
2020-11-01T00:00:00,448700,436000,442350
2020-11-02T00:00:00,457250,430500,443875
2020-11-03T00:00:00,441150,423550,432350
2020-11-04T00:00:00,459800,430200,445000
2020-11-05T00:00:00,469800,447550,458675
2020-11-06T00:00:00,511000,461200,486100
2020-11-07T00:00:00,523000,481300,502150
2020-11-08T00:00:00,511900,485450,498675